MPI process	OMP thread	Send MSG,	OMP time,	Recv msg,	total time
1,1,	0.000000,	[10000000]6.908940,	0.852185,	0.000000,	7.843821,
2,1,	0.284525,	[4999714]3.321012,	0.427256,	0.308422,	4.382999,
4,1,	0.530066,	[2501097]1.889552,	0.274911,	0.555920,	3.283369,
8,1,	1.272156,	[1249431]1.803237,	0.266614,	1.281141,	4.758239,
16,1,	2.790013,	[624574]1.722237,	0.270295,	2.724941,	7.902523,
